{"cameraMode":{"drawMode":0,"name":"Shaded","section":"Shading Mode"},"sceneLighting":false,"audioPlay":false,"sceneViewState":{"showFog":true,"showMaterialUpdate":false,"showSkybox":false,"showFlares":true,"showImageEffects":true,"showParticleSystems":true},"in2DMode":false,"pivot":{"x":-0.00702667236328125,"y":1.7600317001342774,"z":0.03624999523162842},"rotation":{"x":-0.06417900323867798,"y":-0.9358677864074707,"z":0.24306310713291169,"w":-0.247196763753891},"size":1.0687220096588135,"orthographic":false}