{"cameraMode":{"drawMode":0,"name":"Shaded","section":"Shading Mode"},"sceneLighting":false,"audioPlay":false,"sceneViewState":{"showFog":true,"showMaterialUpdate":false,"showSkybox":false,"showFlares":true,"showImageEffects":true,"showParticleSystems":true},"in2DMode":false,"pivot":{"x":0.03100001811981201,"y":-0.18555648624897004,"z":0.44474661350250246},"rotation":{"x":-0.21917693316936494,"y":0.6016013622283936,"z":-0.17659668624401093,"w":-0.7476789355278015},"size":0.7818687558174133,"orthographic":false}