{"cameraMode":{"drawMode":0,"name":"Shaded","section":"Shading Mode"},"sceneLighting":false,"audioPlay":false,"sceneViewState":{"showFog":true,"showMaterialUpdate":false,"showSkybox":false,"showFlares":true,"showImageEffects":true,"showParticleSystems":true},"in2DMode":false,"pivot":{"x":0.23469403386116029,"y":6.702025413513184,"z":1.8778516054153443},"rotation":{"x":0.2210964858531952,"y":-0.6820792555809021,"z":0.22906580567359925,"w":0.6583454608917236},"size":7.9369964599609379,"orthographic":false}