{"cameraMode":{"drawMode":0,"name":"Shaded","section":"Shading Mode"},"sceneLighting":false,"audioPlay":false,"sceneViewState":{"showFog":true,"showMaterialUpdate":false,"showSkybox":false,"showFlares":true,"showImageEffects":true,"showParticleSystems":true},"in2DMode":false,"pivot":{"x":-0.36919113993644717,"y":1.7283344268798829,"z":0.544440746307373},"rotation":{"x":-0.11411122232675553,"y":-0.3759322464466095,"z":0.04668396711349487,"w":-0.9184470176696777},"size":2.084942579269409,"orthographic":false}