{"cameraMode":{"drawMode":0,"name":"Shaded","section":"Shading Mode"},"sceneLighting":false,"audioPlay":false,"sceneViewState":{"showFog":true,"showMaterialUpdate":false,"showSkybox":false,"showFlares":true,"showImageEffects":true,"showParticleSystems":true},"in2DMode":false,"pivot":{"x":-3.351200580596924,"y":7.364162445068359,"z":-1.4945237636566163},"rotation":{"x":-0.003834060626104474,"y":-0.9935553669929504,"z":0.10863864421844483,"w":-0.03694716468453407},"size":6.2423224449157719,"orthographic":false}