{"cameraMode":{"drawMode":0,"name":"Shaded","section":"Shading Mode"},"sceneLighting":false,"audioPlay":false,"sceneViewState":{"showFog":true,"showMaterialUpdate":false,"showSkybox":false,"showFlares":true,"showImageEffects":true,"showParticleSystems":true},"in2DMode":false,"pivot":{"x":-0.5713040828704834,"y":0.023521319031715394,"z":0.059587493538856509},"rotation":{"x":-0.1484510749578476,"y":-0.037086278200149539,"z":0.005546180997043848,"w":-0.9882421493530273},"size":0.4984150528907776,"orthographic":false}