{"cameraMode":{"drawMode":0,"name":"Shaded","section":"Shading Mode"},"sceneLighting":false,"audioPlay":false,"sceneViewState":{"showFog":true,"showMaterialUpdate":false,"showSkybox":false,"showFlares":true,"showImageEffects":true,"showParticleSystems":true},"in2DMode":false,"pivot":{"x":1.3650444746017457,"y":0.2889658808708191,"z":0.45650365948677065},"rotation":{"x":0.3717472553253174,"y":-0.021718380972743036,"z":0.008699873462319374,"w":0.9280394911766052},"size":0.5791410207748413,"orthographic":false}