{"cameraMode":{"drawMode":0,"name":"Shaded","section":"Shading Mode"},"sceneLighting":false,"audioPlay":false,"sceneViewState":{"showFog":true,"showMaterialUpdate":false,"showSkybox":false,"showFlares":true,"showImageEffects":true,"showParticleSystems":true},"in2DMode":false,"pivot":{"x":-0.15717162191867829,"y":0.7842414975166321,"z":-1.1434879302978516},"rotation":{"x":-0.059967197477817538,"y":-0.9153927564620972,"z":0.14912451803684236,"w":-0.3695336580276489},"size":0.9088723063468933,"orthographic":false}